Method,RF_Normal,std_1,RF_Cheap,std_2,NN_Normal,std_3,NN_Cheap,std_4
Original,0,0,0,0,0,0,0,0
MSE_threshold,-1,-1,-1,-1,-1,-1,-1,-1
MW,0,0,0,0,0,21.90161898,0,0
MWthenTW,-1,-1,-1,-1,-1,-1,-1,-1
Noise,0,0,0,0,0,0,0,0
RD,17.1242169,0,0,0,0,0,0,38.70682566
TW,10.82175624,0,0,0,3.552202881,44.21803345,0,18.47392994
TWthenNoise,-1,-1,-1,-1,-1,-1,-1,-1
WW,8.932164687,0,0,0,7.418119695,0,0,24.86791704
WWthenNoise,-1,-1,-1,-1,-1,-1,-1,-1
