Method,RF_Normal,std_1,RF_Cheap,std_2,NN_Normal,std_3,NN_Cheap,std_4
Original,0,0,0,0,0,0,0,0
MSE_threshold,-1,-1,-1,-1,-1,-1,-1,-1
MW,0,0.3715,0,0,0,0,0,1.7481
MWthenTW,-1,-1,-1,-1,-1,-1,-1,-1
Noise,0.825,1.6937,0,0.05125,0.2607,0,0,0
RD,0.1198,0.2134,0.13715,0.0542,0,0,0.25655,1.06565
TW,0.5523,1.02,0,0,0,0,0.94405,2.5085
TWthenNoise,-1,-1,-1,-1,-1,-1,-1,-1
WW,0.41375,0.62555,0.1892,0,0,0,0.29225,0.14155
WWthenNoise,-1,-1,-1,-1,-1,-1,-1,-1
