Method,RF_Normal,std_1,RF_Cheap,std_2,NN_Normal,std_3,NN_Cheap,std_4
Original,0,0,0,0,0,0,0,0
MSE_threshold,-1,-1,-1,-1,-1,-1,-1,-1
MW,0,0,15.42835186,0,0,0,0,0
MWthenTW,-1,-1,-1,-1,-1,-1,-1,-1
Noise,17.44440969,0,19.6392209,83.91144555,0.444200438,0,7.905218038,4.421330917
RD,0,0,0,0,2.076031442,0,16.22694427,35.74871617
TW,0,0,0,0,0,3.707398452,14.83351511,40.42121848
TWthenNoise,-1,-1,-1,-1,-1,-1,-1,-1
WW,0,0,9.292204345,0,0,30.01297972,5.865613301,0
WWthenNoise,-1,-1,-1,-1,-1,-1,-1,-1
