Method,RF_Normal,std_1,RF_Cheap,std_2,NN_Normal,std_3,NN_Cheap,std_4
Original,0,0,0,0,0,0,0,0
MSE_threshold,-1,-1,-1,-1,-1,-1,-1,-1
MW,11.8784429,0,0,0,18.70994049,0,0,0
MWthenTW,-1,-1,-1,-1,-1,-1,-1,-1
Noise,0,0,0,0,9.661475948,25.72542348,8.960829718,0
RD,0,0,0,0,34.02927523,42.42434047,0,9.211192201
TW,0,0,0,0,31.86105882,27.42701562,0,18.95360454
TWthenNoise,-1,-1,-1,-1,-1,-1,-1,-1
WW,0,0,0,0,12.03197296,0,6.482561545,0
WWthenNoise,-1,-1,-1,-1,-1,-1,-1,-1
