Method,RF_Normal,std_1,RF_Cheap,std_2,NN_Normal,std_3,NN_Cheap,std_4
Original,0,0,0,0,0,0,0,0
MSE_threshold,-1,-1,-1,-1,-1,-1,-1,-1
MW,0,0,0,0,0,0,0,0
MWthenTW,-1,-1,-1,-1,-1,-1,-1,-1
Noise,15.76835553,57.23394247,0,86.24024727,0.797202076,0,0,0
RD,13.0116316,10.5672758,0,78.52597726,0,0,0,0
TW,8.256260315,0,1.317126542,0,0,17.39613705,0,0
TWthenNoise,-1,-1,-1,-1,-1,-1,-1,-1
WW,0,0,0.34058257,0,0.709232092,41.99896235,0,0
WWthenNoise,-1,-1,-1,-1,-1,-1,-1,-1
