Method,RF_Normal,std_1,RF_Cheap,std_2,NN_Normal,std_3,NN_Cheap,std_4
Original,0,0,0,0,0,0,0,0
MSE_threshold,-1,-1,-1,-1,-1,-1,-1,-1
MW,5.596026286,0,0,0,0,0,0,0
MWthenTW,-1,-1,-1,-1,-1,-1,-1,-1
Noise,1.446720399,0,5.081943141,0,0,0,0,0
RD,7.869379664,0,0,0,2.962506986,0,10.38753971,0
TW,0,0,0,0,0,0,13.93979506,39.87552224
TWthenNoise,-1,-1,-1,-1,-1,-1,-1,-1
WW,0,0,0,0,6.559889021,0,11.93723348,5.065539325
WWthenNoise,-1,-1,-1,-1,-1,-1,-1,-1
