Method,RF_Normal,std_1,RF_Cheap,std_2,NN_Normal,std_3,NN_Cheap,std_4
Original,0,0,0,0,0,0,0,0
MSE_threshold,-1,-1,-1,-1,-1,-1,-1,-1
MW,0,0,0,0,0,0,0,0
MWthenTW,-1,-1,-1,-1,-1,-1,-1,-1
Noise,33.28104079,35.4546072,0,44.36370284,0,0,0.751815078,0
RD,24.2793465,18.53750732,13.03187946,0.166817224,0,0,0,62.35921073
TW,0,0,11.04388485,0,0,0,0,0
TWthenNoise,-1,-1,-1,-1,-1,-1,-1,-1
WW,0,0,0,0,0,13.48559986,0,0
WWthenNoise,-1,-1,-1,-1,-1,-1,-1,-1
