Method,RF_Normal,std_1,RF_Cheap,std_2,NN_Normal,std_3,NN_Cheap,std_4
Original,0,0,0,0,0,0,0,0
MSE_threshold,-1,-1,-1,-1,-1,-1,-1,-1
MW,0,1.13709656,0,0,0,0,0,0
MWthenTW,-1,-1,-1,-1,-1,-1,-1,-1
Noise,0,0,0,20.86276724,0.689561733,56.04401051,0.349727619,0
RD,0.026373368,30.09550904,0,77.4352879,0,0,0,0
TW,0,0,0,54.73322768,0,0,1.345890833,0
TWthenNoise,-1,-1,-1,-1,-1,-1,-1,-1
WW,0,0,0.017107128,57.79754206,0,0,0,0
WWthenNoise,-1,-1,-1,-1,-1,-1,-1,-1
