Method,RF_Normal,std_1,RF_Cheap,std_2,NN_Normal,std_3,NN_Cheap,std_4
Original,0,0,0,0,0,0,0,0
MSE_threshold,-1,-1,-1,-1,-1,-1,-1,-1
MW,5.08865,14.68405,0,13.66075,1.02485,0,0,0
MWthenTW,-1,-1,-1,-1,-1,-1,-1,-1
Noise,3.63155,8.067,2.6469,6.31205,9.1617,5.6596,3.90225,2.35285
RD,4.71265,10.34165,0.5432,1.96925,10.75405,8.0731,0,0
TW,4.48265,11.67625,0,0.84115,0.6609,0,2.11955,0
TWthenNoise,-1,-1,-1,-1,-1,-1,-1,-1
WW,2.8016,12.0413,0,0,1.8426,0,3.08535,0.87635
WWthenNoise,-1,-1,-1,-1,-1,-1,-1,-1
