Method,RF_Normal,std_1,RF_Cheap,std_2,NN_Normal,std_3,NN_Cheap,std_4
Original,0,0,0,0,0,0,0,0
MSE_threshold,-1,-1,-1,-1,-1,-1,-1,-1
MW,0,0,0.1779,0,7.02115,0.69825,9.58105,0.66045
MWthenTW,-1,-1,-1,-1,-1,-1,-1,-1
Noise,0.11505,0.02,0,0,3.95545,0,9.39565,0.9108
RD,0,0,0,0,3.51965,0.63065,4.8094,0.49875
TW,0.0357,0,0,0,4.1876,0,3.24685,0
TWthenNoise,-1,-1,-1,-1,-1,-1,-1,-1
WW,0,0,0,0,1.03345,0.0793,3.2072,0
WWthenNoise,-1,-1,-1,-1,-1,-1,-1,-1
