Method,RF_Normal,std_1,RF_Cheap,std_2,NN_Normal,std_3,NN_Cheap,std_4
Original,0,0,0,0,0,0,0,0
MSE_threshold,-1,-1,-1,-1,-1,-1,-1,-1
MW,1.6936,4.6697,0,0,0.08245,0.96425,0,1.4163
MWthenTW,-1,-1,-1,-1,-1,-1,-1,-1
Noise,1.00705,2.9141,0,0,1.35575,3.68285,0,0
RD,0.30645,0.74225,0,0,0,0.888,0,1.02975
TW,0.83645,1.3422,1.8568,1.6816,0.91945,2.661,0.1182,0.9053
TWthenNoise,-1,-1,-1,-1,-1,-1,-1,-1
WW,0.3542,1.33885,1.04235,0,1.0483,2.59645,0,0
WWthenNoise,-1,-1,-1,-1,-1,-1,-1,-1
