Method,RF_Normal,std_1,RF_Cheap,std_2,NN_Normal,std_3,NN_Cheap,std_4
Original,0,0,0,0,0,0,0,0
MSE_threshold,-1,-1,-1,-1,-1,-1,-1,-1
MW,4.4329,1.9974,0,7.2278,4.90025,3.45375,0,5.76855
MWthenTW,-1,-1,-1,-1,-1,-1,-1,-1
Noise,0,1.5951,0.2615,0,15.26365,0,5.37635,0
RD,0,0,0,0,22.6492,2.97625,0,5.4492
TW,0,0,0,2.7292,26.3578,3.8842,0,5.73905
TWthenNoise,-1,-1,-1,-1,-1,-1,-1,-1
WW,0,0,0,0,11.048,0,2.87075,1.54065
WWthenNoise,-1,-1,-1,-1,-1,-1,-1,-1
