Method,RF_Normal,std_1,RF_Cheap,std_2,NN_Normal,std_3,NN_Cheap,std_4
Original,0,0,0,0,0,0,0,0
MSE_threshold,-1,-1,-1,-1,-1,-1,-1,-1
MW,0.5925,0.04255,0,0,0.5583,0,1.0276,0.7104
MWthenTW,-1,-1,-1,-1,-1,-1,-1,-1
Noise,0.1558,0.06325,0,0,0.08135,0.19375,0.85095,0.71515
RD,0.05125,0,0,0,0,0,0.59405,0.4987
TW,0.24185,0,0,0.0328,0.3069,0.1605,0.05925,0.3623
TWthenNoise,-1,-1,-1,-1,-1,-1,-1,-1
WW,0.22765,0,0.0175,0.01905,0.1946,0.1267,0,0
WWthenNoise,-1,-1,-1,-1,-1,-1,-1,-1
