Method,RF_Normal,std_1,RF_Cheap,std_2,NN_Normal,std_3,NN_Cheap,std_4
Original,0,0,0,0,0,0,0,0
MSE_threshold,-1,-1,-1,-1,-1,-1,-1,-1
MW,13.57065,1.3868,5.3337,0,0,0,0.8991,3.90705
MWthenTW,-1,-1,-1,-1,-1,-1,-1,-1
Noise,12.7199,2.0002,8.3687,0.28995,1.4544,1.4425,0,3.62395
RD,12.666,1.58135,7.1951,0,1.18,1.88705,0,3.8008
TW,7.5606,0,8.43815,1.45755,0.4331,1.28375,2.34055,3.1487
TWthenNoise,-1,-1,-1,-1,-1,-1,-1,-1
WW,1.2882,0,3.0524,0,0,0.9854,0,3.74245
WWthenNoise,-1,-1,-1,-1,-1,-1,-1,-1
