Method,RF_Normal,std_1,RF_Cheap,std_2,NN_Normal,std_3,NN_Cheap,std_4
Original,0,0,0,0,0,0,0,0
MSE_threshold,-1,-1,-1,-1,-1,-1,-1,-1
MW,0,0,0,0,0,0,0,0
MWthenTW,-1,-1,-1,-1,-1,-1,-1,-1
Noise,0,0,1.23895,0.26825,0.10655,0.29235,0.17805,0.18385
RD,0.0236,0.0237,0.06605,0,0.5275,0.64695,0.01495,0.09625
TW,0,0.052,0,0,0.2554,0.17935,0.16405,1.00365
TWthenNoise,-1,-1,-1,-1,-1,-1,-1,-1
WW,0.01945,0.0593,0,0.138,0.2576,0.35585,0,0.414
WWthenNoise,-1,-1,-1,-1,-1,-1,-1,-1
