Method,RF_Normal,std_1,RF_Cheap,std_2,NN_Normal,std_3,NN_Cheap,std_4
Original,0,0,0,0,0,0,0,0
MSE_threshold,-1,-1,-1,-1,-1,-1,-1,-1
MW,0,0,0,0,0,0,0,0
MWthenTW,-1,-1,-1,-1,-1,-1,-1,-1
Noise,0,0,0,0,0,0,77.54023187,93.19529285
RD,11.5604578,0,0,0,2.882223913,0,77.36485127,96.60682109
TW,0,0,0,0,11.23371008,12.37547354,47.43043974,0
TWthenNoise,-1,-1,-1,-1,-1,-1,-1,-1
WW,0,0,0,0,17.92630307,19.84199535,67.84168967,60.54135382
WWthenNoise,-1,-1,-1,-1,-1,-1,-1,-1
