Method,RF_Normal,std_1,RF_Cheap,std_2,NN_Normal,std_3,NN_Cheap,std_4
Original,0,0,0,0,0,0,0,0
MSE_threshold,-1,-1,-1,-1,-1,-1,-1,-1
MW,0,0,0,0,0,0,36.99277115,30.0405899
MWthenTW,-1,-1,-1,-1,-1,-1,-1,-1
Noise,0,0,0,0,0,0,29.86547164,68.5136317
RD,0,0,0,0,0,0,26.49057471,78.21615948
TW,0,0,0,0,0,0,48.64496751,71.94342837
TWthenNoise,-1,-1,-1,-1,-1,-1,-1,-1
WW,4.804578008,0,0,0,27.87113652,0,41.73708867,39.58235841
WWthenNoise,-1,-1,-1,-1,-1,-1,-1,-1
