Method,RF_Normal,std_1,RF_Cheap,std_2,NN_Normal,std_3,NN_Cheap,std_4
Original,0,0,0,0,0,0,0,0
MSE_threshold,-1,-1,-1,-1,-1,-1,-1,-1
MW,0,0,0,0,0,0,42.01419036,0
MWthenTW,-1,-1,-1,-1,-1,-1,-1,-1
Noise,0,0,0,55.25166424,0.747378761,0,21.62191178,0
RD,0,60.3869969,0,0,0,0,38.27543517,7.053132389
TW,0,0,0,0,9.88401343,0,32.7501794,20.37353673
TWthenNoise,-1,-1,-1,-1,-1,-1,-1,-1
WW,0,0,3.64442132,0,13.43059096,42.04413941,35.74490177,19.6848849
WWthenNoise,-1,-1,-1,-1,-1,-1,-1,-1
